truncate table cm_business_para;
insert into cm_business_para values('1','limit_cnt','3','商户日最大充值次数','1',(select curdate() from dual),'admin');
insert into cm_business_para values('1','sig_limit_amt','20000','商户单笔最大充值金额','1',(select curdate() from dual),'admin');
insert into cm_business_para values('1','sum_limit_amt','20000','商户单笔最大充值金额','1',(select curdate() from dual),'admin');
insert into cm_business_para values('2','limit_cnt','3','会员日最大充值次数','1',(select curdate() from dual),'admin');
insert into cm_business_para values('2','sig_limit_amt','5000','会员单笔最大充值金额','1',(select curdate() from dual),'admin');
insert into cm_business_para values('2','sum_limit_amt','5000','会员单笔最大充值金额','1',(select curdate() from dual),'admin');
insert into cm_business_para values('3','limit_cnt','3','商户日最大提现次数','1',(select curdate() from dual),'admin');
insert into cm_business_para values('3','sig_limit_amt','20000','商户单笔最大提现金额','1',(select curdate() from dual),'admin');
insert into cm_business_para values('3','sum_limit_amt','20000','商户单笔最大提现金额','1',(select curdate() from dual),'admin');
insert into cm_business_para values('4','limit_cnt','3','会员日最大提现次数','1',(select curdate() from dual),'admin');
insert into cm_business_para values('4','sig_limit_amt','5000','会员单笔最大提现金额','1',(select curdate() from dual),'admin');
insert into cm_business_para values('4','sum_limit_amt','5000','会员单笔最大提现金额','1',(select curdate() from dual),'admin');
insert into cm_business_para values('56','limit_cnt','3','商户日最大转账次数','1',(select curdate() from dual),'admin');
insert into cm_business_para values('56','sig_limit_amt','20000','商户单笔最大转账金额','1',(select curdate() from dual),'admin');
insert into cm_business_para values('56','sum_limit_amt','20000','商户单笔最大转账金额','1',(select curdate() from dual),'admin');
insert into cm_business_para values('78','limit_cnt','3','会员日最大转账次数','1',(select curdate() from dual),'admin');
insert into cm_business_para values('78','sig_limit_amt','5000','会员单笔最大转账金额','1',(select curdate() from dual),'admin');
insert into cm_business_para values('78','sum_limit_amt','5000','会员单笔最大转账金额','1',(select curdate() from dual),'admin');
insert into cm_business_para values('9','limit_cnt','10','商户日最大采购次数','1',(select curdate() from dual),'admin');
insert into cm_business_para values('9','sum_limit_amt','20000','商户单笔最大采购金额','1',(select curdate() from dual),'admin');
insert into cm_business_para values('9','sig_limit_amt','20000','商户单笔最大采购金额','1',(select curdate() from dual),'admin');
insert into cm_business_para values('10','limit_cnt','10','会员日最大采购次数','1',(select curdate() from dual),'admin');
insert into cm_business_para values('10','sum_limit_amt','5000','会员单笔最大采购金额','1',(select curdate() from dual),'admin');
insert into cm_business_para values('10','sig_limit_amt','5000','会员单笔最大采购金额','1',(select curdate() from dual),'admin');

TRUNCATE TABLE CM_SYSTEM;
INSERT INTO `CM_SYSTEM` VALUES ((SELECT date_format(CURDATE(),'Y%m%d%') FROM DUAL),(SELECT date_format(CURDATE()-1,'Y%m%d%') FROM DUAL),NULL,'Y');

truncate table va_sequence_p;
insert into va_sequence_p values('plat_seq_no',4,'1','平台编号');
insert into va_sequence_p values('plat_vir_acc_seq_no',6,'1v','平台虚拟账户编号');
insert into va_sequence_p values('plat_ban_acc_seq_no',6,'1b','平台银行账户编号');
insert into va_sequence_p values('merch_seq_no',8,'2','商户编号');
insert into va_sequence_p values('merch_vir_acc_seq_no',10,'2v','商户虚拟账户编号');
insert into va_sequence_p values('merch_ban_acc_seq_no',10,'2b','商户银行账户编号');
insert into va_sequence_p values('cust_seq_no',12,'3','会员编号');
insert into va_sequence_p values('cust_vir_acc_seq_no',14,'3v','会员虚拟账户编号');
insert into va_sequence_p values('cust_ban_acc_seq_no',14,'3b','会员银行账户编号');
insert into va_sequence_p values('transfer_seq_no',16,'tl','转账流水号');
insert into va_sequence_p values('cm_seq_no',16,'pl','公共流水号');
insert into va_sequence_p values('tran_seq_no',16,'yl','银行账务流水号');
insert into va_sequence_p values('inner_oder_no',16,'dh','内部订单号');
insert into va_sequence_p values('oder_seq_no',16,'dl','内部订单流水号');
insert into va_sequence_p values('cust_recharge_seq',16,'cr','会员充值流水号');
insert into va_sequence_p values('merch_recharge_seq',16,'mr','商户充值流水号');
insert into va_sequence_p values('cust_withdraw_seq',16,'cw','会员提现流水号');
insert into va_sequence_p values('merch_withdraw_seq',16,'mw','商户提现流水号');

truncate table va_sequence_v;
insert into va_sequence_v values('plat_seq_no',0,1,'平台编号');
insert into va_sequence_v values('plat_vir_acc_seq_no',0,1,'平台虚拟账户编号');
insert into va_sequence_v values('plat_ban_acc_seq_no',0,1,'平台银行账户编号');
insert into va_sequence_v values('merch_seq_no',0,1,'商户编号');
insert into va_sequence_v values('merch_vir_acc_seq_no',0,1,'商户虚拟账户编号');
insert into va_sequence_v values('merch_ban_acc_seq_no',0,1,'商户银行账户编号');
insert into va_sequence_v values('cust_seq_no',0,1,'会员编号');
insert into va_sequence_v values('cust_vir_acc_seq_no',0,1,'会员虚拟账户编号');
insert into va_sequence_v values('cust_ban_acc_seq_no',0,1,'会员银行账户编号');
insert into va_sequence_v values('transfer_seq_no',0,1,'转账流水号');
insert into va_sequence_v values('cm_seq_no',0,1,'公共流水号');
insert into va_sequence_v values('tran_seq_no',0,1,'银行账务流水号');
insert into va_sequence_v values('inner_oder_no',0,1,'内部订单号');
insert into va_sequence_v values('oder_seq_no',0,1,'内部订单流水号');
insert into va_sequence_v values('cust_recharge_seq',0,1,'会员充值流水号');
insert into va_sequence_v values('merch_recharge_seq',0,1,'商户充值流水号');
insert into va_sequence_v values('cust_withdraw_seq',0,1,'会员提现流水号');
insert into va_sequence_v values('merch_withdraw_seq',0,1,'商户提现流水号');

TRUNCATE TABLE VA_VIRTUAL_ACCT_TYPE;
INSERT INTO `VA_VIRTUAL_ACCT_TYPE` VALUES ('101','平台虚拟账户','1','Y','Y','Y',132450.00000000,'Y','F',20.3600000,'ADMIN','ADMIN','');
INSERT INTO `VA_VIRTUAL_ACCT_TYPE` VALUES ('201','商户虚拟充值账户','2','Y','Y','Y',100000.00000000,'Y','R',0,'ADMIN','ADMIN','');
INSERT INTO `VA_VIRTUAL_ACCT_TYPE` VALUES ('202','商户虚拟交易账户','2','Y','Y','Y',12500.00000000,'Y','F',12.50000000,'ADMIN','ADMIN','');
INSERT INTO `VA_VIRTUAL_ACCT_TYPE` VALUES ('203','商户虚拟结算账户','2','Y','Y','Y',132450.00000000,'Y','F',20.3600000,'ADMIN','ADMIN','');
INSERT INTO `VA_VIRTUAL_ACCT_TYPE` VALUES ('301','个人虚拟账户','3','Y','Y','Y',50000.00000000,'Y','F',50.00000000,'ADMIN','ADMIN','');

COMMIT;